"Relative Time (Process)","Nvdia A100 x2 - system/gpu.process.0.powerWatts","Nvdia A100 x2 - system/gpu.process.0.powerWatts__MIN","Nvdia A100 x2 - system/gpu.process.0.powerWatts__MAX","Nvdia A100x1 - system/gpu.process.0.powerWatts","Nvdia A100x1 - system/gpu.process.0.powerWatts__MIN","Nvdia A100x1 - system/gpu.process.0.powerWatts__MAX","Nvidia H100 x1 - system/gpu.process.0.powerWatts","Nvidia H100 x1 - system/gpu.process.0.powerWatts__MIN","Nvidia H100 x1 - system/gpu.process.0.powerWatts__MAX"
"60.766481","258.04","258.04","258.04","","","","","",""
"60.788967","","","","244.22","244.22","244.22","","",""
"61.322508","","","","","","","345.58","345.58","345.58"
"90.770507","319.13","319.13","319.13","","","","","",""
"90.793801","","","","338.21","338.21","338.21","","",""
"91.325404","","","","","","","573.37","573.37","573.37"
"120.775402","301.08","301.08","301.08","","","","","",""
"120.79838","","","","303.11","303.11","303.11","","",""
"121.341898","","","","","","","515.06","515.06","515.06"
"150.778872","287.86","287.86","287.86","","","","","",""
"150.803049","","","","337.91","337.91","337.91","","",""
"151.351469","","","","","","","524.83","524.83","524.83"
"180.783777","311.86","311.86","311.86","","","","","",""
"180.806335","","","","306.62","306.62","306.62","","",""
"181.380656","","","","","","","525.85","525.85","525.85"
"210.787137","300.37","300.37","300.37","","","","","",""
"210.810714","","","","335.19","335.19","335.19","","",""
"211.409512","","","","","","","498.96","498.96","498.96"
"240.792538","296.84","296.84","296.84","","","","","",""
"240.815048","","","","332.56","332.56","332.56","","",""
"241.411156","","","","","","","481.54","481.54","481.54"
"270.795386","328.71","328.71","328.71","","","","","",""
"270.819043","","","","351.86","351.86","351.86","","",""
"271.418166","","","","","","","529.56","529.56","529.56"
"300.80005","318.03","318.03","318.03","","","","","",""
"300.822094","","","","311.01","311.01","311.01","","",""
"301.41927","","","","","","","550.85","550.85","550.85"
"330.804625","334.22","334.22","334.22","","","","","",""
"330.826614","","","","348.74","348.74","348.74","","",""
"331.422145","","","","","","","559.92","559.92","559.92"
"360.809608","329.91","329.91","329.91","","","","","",""
"360.831018","","","","335.75","335.75","335.75","","",""
"361.434034","","","","","","","550.4","550.4","550.4"
"390.812572","311.57","311.57","311.57","","","","","",""
"390.835446","","","","323.71","323.71","323.71","","",""
"391.45065","","","","","","","511.63","511.63","511.63"
"420.817224","330.36","330.36","330.36","","","","","",""
"420.839429","","","","350.47","350.47","350.47","","",""
"421.477445","","","","","","","501.59","501.59","501.59"
"450.821539","341.37","341.37","341.37","","","","","",""
"450.843885","","","","325.24","325.24","325.24","","",""
"451.479099","","","","","","","501.56","501.56","501.56"
"480.825245","325.99","325.99","325.99","","","","","",""
"480.848444","","","","342.62","342.62","342.62","","",""
"481.484016","","","","","","","497.51","497.51","497.51"
"510.830202","308.2","308.2","308.2","","","","","",""
"510.852873","","","","347.89","347.89","347.89","","",""
"511.500654","","","","","","","505.99","505.99","505.99"
"540.857501","","","","346.68","346.68","346.68","","",""
"541.503969","","","","","","","554.56","554.56","554.56"
"570.838123","300.25","300.25","300.25","","","","","",""
"570.8621","","","","360.87","360.87","360.87","","",""
"571.515169","","","","","","","570.18","570.18","570.18"
"600.840585","314.09","314.09","314.09","","","","","",""
"600.865356","","","","340.05","340.05","340.05","","",""
"601.517841","","","","","","","512.95","512.95","512.95"
"630.84563","305.17","305.17","305.17","","","","","",""
"630.869922","","","","319.05","319.05","319.05","","",""
"631.519704","","","","","","","518.6","518.6","518.6"
"660.850701","275.33","275.33","275.33","","","","","",""
"660.87469","","","","348.59","348.59","348.59","","",""
"661.526752","","","","","","","489.55","489.55","489.55"
"690.855524","272.92","272.92","272.92","","","","","",""
"690.879234","","","","337.44","337.44","337.44","","",""
"691.532106","","","","","","","478.16","478.16","478.16"
"720.858296","315.57","315.57","315.57","","","","","",""
"720.883668","","","","337.48","337.48","337.48","","",""
"721.56294","","","","","","","550.62","550.62","550.62"
"750.863575","302.62","302.62","302.62","","","","","",""
"750.888176","","","","332","332","332","","",""
"751.580888","","","","","","","549.59","549.59","549.59"
"780.868579","320.22","320.22","320.22","","","","","",""
"780.892504","","","","337.34","337.34","337.34","","",""
"781.595812","","","","","","","512.42","512.42","512.42"
"810.873684","301.67","301.67","301.67","","","","","",""
"810.896304","","","","307.11","307.11","307.11","","",""
"811.602736","","","","","","","509.29","509.29","509.29"
"840.878798","331.78","331.78","331.78","","","","","",""
"840.900986","","","","343.72","343.72","343.72","","",""
"841.609965","","","","","","","493.38","493.38","493.38"
"870.883805","296.12","296.12","296.12","","","","","",""
"870.905464","","","","333.54","333.54","333.54","","",""
"871.627615","","","","","","","506.61","506.61","506.61"
"900.888946","280.18","280.18","280.18","","","","","",""
"900.908342","","","","353.74","353.74","353.74","","",""
"901.644759","","","","","","","485.32","485.32","485.32"
"930.8921","334.45","334.45","334.45","","","","","",""
"930.911364","","","","321.45","321.45","321.45","","",""
"931.646188","","","","","","","483.39","483.39","483.39"
"960.89485","297.92","297.92","297.92","","","","","",""
"960.913628","","","","344.15","344.15","344.15","","",""
"961.649432","","","","","","","483.41","483.41","483.41"
"990.899589","314.98","314.98","314.98","","","","","",""
"990.918168","","","","318.4","318.4","318.4","","",""
"991.653411","","","","","","","558.52","558.52","558.52"
"1020.902221","301.82","301.82","301.82","","","","","",""
"1020.920441","","","","348.77","348.77","348.77","","",""
"1021.654005","","","","","","","588.82","588.82","588.82"
"1050.905323","308.5","308.5","308.5","","","","","",""
"1050.925125","","","","329.18","329.18","329.18","","",""
"1051.654848","","","","","","","594.31","594.31","594.31"
"1080.9101","317.07","317.07","317.07","","","","","",""
"1080.930327","","","","347.75","347.75","347.75","","",""
"1081.658527","","","","","","","526.49","526.49","526.49"
"1111.660163","","","","","","","511.34","511.34","511.34"
"1140.920352","322.65","322.65","322.65","","","","","",""
"1140.936939","","","","317.48","317.48","317.48","","",""
"1141.669647","","","","","","","527.47","527.47","527.47"
"1170.925328","321.57","321.57","321.57","","","","","",""
"1170.939122","","","","322.31","322.31","322.31","","",""
"1171.692915","","","","","","","546.2","546.2","546.2"
"1200.928535","321.61","321.61","321.61","","","","","",""
"1200.943583","","","","358.27","358.27","358.27","","",""
"1201.707029","","","","","","","511.04","511.04","511.04"
"1230.93186","308.88","308.88","308.88","","","","","",""
"1230.948304","","","","345.45","345.45","345.45","","",""
"1231.719689","","","","","","","519.4","519.4","519.4"
"1260.936782","306.52","306.52","306.52","","","","","",""
"1260.952944","","","","325.27","325.27","325.27","","",""
"1261.732635","","","","","","","531.9","531.9","531.9"
"1290.939369","298.64","298.64","298.64","","","","","",""
"1290.957522","","","","345.78","345.78","345.78","","",""
"1291.752702","","","","","","","516.3","516.3","516.3"
"1320.942924","327.38","327.38","327.38","","","","","",""
"1320.960786","","","","318.2","318.2","318.2","","",""
"1321.768681","","","","","","","500.93","500.93","500.93"
"1350.946739","279.09","279.09","279.09","","","","","",""
"1350.965268","","","","345.17","345.17","345.17","","",""
"1351.789624","","","","","","","495.27","495.27","495.27"
"1380.949419","310.92","310.92","310.92","","","","","",""
"1380.969694","","","","334.62","334.62","334.62","","",""
"1381.790618","","","","","","","511.28","511.28","511.28"
"1410.951953","317.52","317.52","317.52","","","","","",""
"1410.974057","","","","339.1","339.1","339.1","","",""
"1411.800105","","","","","","","507.87","507.87","507.87"
"1440.956763","308","308","308","","","","","",""
"1440.977287","","","","317.9","317.9","317.9","","",""
"1441.813954","","","","","","","515.42","515.42","515.42"
"1470.960214","340.79","340.79","340.79","","","","","",""
"1470.981742","","","","332.6","332.6","332.6","","",""
"1471.832811","","","","","","","517.74","517.74","517.74"
"1500.962958","323.26","323.26","323.26","","","","","",""
"1500.986257","","","","319.37","319.37","319.37","","",""
"1501.865663","","","","","","","563.82","563.82","563.82"
"1530.966186","301.07","301.07","301.07","","","","","",""
"1530.991075","","","","341.37","341.37","341.37","","",""
"1531.870465","","","","","","","519.92","519.92","519.92"
"1560.969835","315.06","315.06","315.06","","","","","",""
"1560.995914","","","","329.06","329.06","329.06","","",""
"1561.872769","","","","","","","502.04","502.04","502.04"
"1590.97317","333.3","333.3","333.3","","","","","",""
"1591.000513","","","","353.58","353.58","353.58","","",""
"1591.874366","","","","","","","522","522","522"
"1620.977868","310.11","310.11","310.11","","","","","",""
"1621.005501","","","","60.88","60.88","60.88","","",""
"1621.878785","","","","","","","588.23","588.23","588.23"
"1650.98028","279.13","279.13","279.13","","","","","",""
"1651.009614","","","","291.09","291.09","291.09","","",""
"1651.890634","","","","","","","534.58","534.58","534.58"
"1681.012862","","","","340.57","340.57","340.57","","",""
"1681.892305","","","","","","","572.52","572.52","572.52"
"1710.988604","280.03","280.03","280.03","","","","","",""
"1711.017469","","","","316.32","316.32","316.32","","",""
"1711.903732","","","","","","","501.86","501.86","501.86"
"1740.993217","304.44","304.44","304.44","","","","","",""
"1741.022018","","","","338.3","338.3","338.3","","",""
"1741.909697","","","","","","","502.83","502.83","502.83"
"1770.998209","278.95","278.95","278.95","","","","","",""
"1771.026552","","","","320.67","320.67","320.67","","",""
"1771.911112","","","","","","","511.14","511.14","511.14"
"1801.003059","60.33","60.33","60.33","","","","","",""
"1801.0289","","","","356.86","356.86","356.86","","",""
"1801.917135","","","","","","","502.68","502.68","502.68"
"1831.006927","255.5","255.5","255.5","","","","","",""
"1831.0336","","","","303.95","303.95","303.95","","",""
"1831.934852","","","","","","","489.81","489.81","489.81"
"1861.011959","310.63","310.63","310.63","","","","","",""
"1861.03823","","","","340.86","340.86","340.86","","",""
"1861.972536","","","","","","","495.44","495.44","495.44"
"1891.016905","318.69","318.69","318.69","","","","","",""
"1891.042597","","","","309.52","309.52","309.52","","",""
"1891.98713","","","","","","","543.18","543.18","543.18"
"1921.020436","284.28","284.28","284.28","","","","","",""
"1921.047024","","","","353.41","353.41","353.41","","",""
"1922.002276","","","","","","","549.65","549.65","549.65"
"1951.025247","331.91","331.91","331.91","","","","","",""
"1951.051732","","","","315.23","315.23","315.23","","",""
"1952.010946","","","","","","","514.61","514.61","514.61"
"1981.030361","289.42","289.42","289.42","","","","","",""
"1981.056396","","","","357.99","357.99","357.99","","",""
"1982.012296","","","","","","","573.45","573.45","573.45"
"2011.035298","276.07","276.07","276.07","","","","","",""
"2011.058992","","","","339.98","339.98","339.98","","",""
"2012.016855","","","","","","","569.82","569.82","569.82"
"2041.040033","266.17","266.17","266.17","","","","","",""
"2041.063528","","","","330.36","330.36","330.36","","",""
"2042.032336","","","","","","","515.78","515.78","515.78"
"2071.042945","289.1","289.1","289.1","","","","","",""
"2071.068046","","","","329.14","329.14","329.14","","",""
"2072.044377","","","","","","","506.59","506.59","506.59"
"2101.047073","291.96","291.96","291.96","","","","","",""
"2101.070281","","","","333.18","333.18","333.18","","",""
"2102.061785","","","","","","","508.19","508.19","508.19"
"2131.051846","304.17","304.17","304.17","","","","","",""
"2131.074835","","","","334.95","334.95","334.95","","",""
"2132.065939","","","","","","","497.56","497.56","497.56"
"2161.056847","289.33","289.33","289.33","","","","","",""
"2161.079467","","","","327.23","327.23","327.23","","",""
"2162.072889","","","","","","","485.93","485.93","485.93"
"2191.061691","299.48","299.48","299.48","","","","","",""
"2191.083162","","","","342.43","342.43","342.43","","",""
"2192.08847","","","","","","","493.66","493.66","493.66"
"2221.087708","","","","316","316","316","","",""
"2222.102902","","","","","","","501.13","501.13","501.13"
"2251.066767","309","309","309","","","","","",""
"2252.109559","","","","","","","512.99","512.99","512.99"
"2281.07148","304.82","304.82","304.82","","","","","",""
"2281.095576","","","","353.24","353.24","353.24","","",""
"2282.126058","","","","","","","561.29","561.29","561.29"
"2311.074038","329.46","329.46","329.46","","","","","",""
"2311.10014","","","","321.06","321.06","321.06","","",""
"2312.145664","","","","","","","508.45","508.45","508.45"
"2341.078883","327.08","327.08","327.08","","","","","",""
"2341.102325","","","","338.32","338.32","338.32","","",""
"2342.163942","","","","","","","492.48","492.48","492.48"
"2371.081409","331.22","331.22","331.22","","","","","",""
"2371.107052","","","","337.48","337.48","337.48","","",""
"2372.177733","","","","","","","484.63","484.63","484.63"
"2401.086119","309.87","309.87","309.87","","","","","",""
"2401.111648","","","","339.03","339.03","339.03","","",""
"2402.181466","","","","","","","498.75","498.75","498.75"
"2431.090642","331.9","331.9","331.9","","","","","",""
"2431.11628","","","","319.53","319.53","319.53","","",""
"2432.182579","","","","","","","574.75","574.75","574.75"
"2461.094078","299.16","299.16","299.16","","","","","",""
"2461.119859","","","","326.77","326.77","326.77","","",""
"2462.189419","","","","","","","554.72","554.72","554.72"
"2491.096619","340.93","340.93","340.93","","","","","",""
"2491.124463","","","","327.29","327.29","327.29","","",""
"2492.192493","","","","","","","508.44","508.44","508.44"
"2521.101781","308.48","308.48","308.48","","","","","",""
"2521.128943","","","","346.48","346.48","346.48","","",""
"2522.209551","","","","","","","508.72","508.72","508.72"
"2551.107454","310.67","310.67","310.67","","","","","",""
"2551.131241","","","","335.28","335.28","335.28","","",""
"2552.229007","","","","","","","398.53","398.53","398.53"
"2581.110842","296.09","296.09","296.09","","","","","",""
"2581.135801","","","","333.71","333.71","333.71","","",""
"2582.249592","","","","","","","125.11","125.11","125.11"
"2611.115611","332.83","332.83","332.83","","","","","",""
"2611.140522","","","","318.35","318.35","318.35","","",""
"2612.251153","","","","","","","412.01","412.01","412.01"
"2641.120832","314.93","314.93","314.93","","","","","",""
"2641.144979","","","","337.53","337.53","337.53","","",""
"2642.252486","","","","","","","479.12","479.12","479.12"
"2671.1256","310.94","310.94","310.94","","","","","",""
"2671.148573","","","","328.28","328.28","328.28","","",""
"2672.260483","","","","","","","500.39","500.39","500.39"
"2701.128089","305.37","305.37","305.37","","","","","",""
"2701.153145","","","","327.14","327.14","327.14","","",""
"2702.273005","","","","","","","502.69","502.69","502.69"
"2731.130631","329.38","329.38","329.38","","","","","",""
"2731.157697","","","","329.98","329.98","329.98","","",""
"2732.279013","","","","","","","493.98","493.98","493.98"
"2761.162542","","","","337.65","337.65","337.65","","",""
"2762.293269","","","","","","","528.07","528.07","528.07"
"2791.137619","309.49","309.49","309.49","","","","","",""
"2791.167174","","","","326.42","326.42","326.42","","",""
"2792.311252","","","","","","","523.38","523.38","523.38"
"2821.142545","287.59","287.59","287.59","","","","","",""
"2821.17168","","","","331.83","331.83","331.83","","",""
"2822.333543","","","","","","","496.43","496.43","496.43"
"2851.145824","332.57","332.57","332.57","","","","","",""
"2851.175592","","","","326.74","326.74","326.74","","",""
"2852.334772","","","","","","","495.05","495.05","495.05"
"2881.149438","308.17","308.17","308.17","","","","","",""
"2881.180248","","","","349.71","349.71","349.71","","",""
"2882.336521","","","","","","","518.2","518.2","518.2"
"2911.151662","340","340","340","","","","","",""
"2911.184703","","","","343.03","343.03","343.03","","",""
"2912.342059","","","","","","","506.57","506.57","506.57"
"2941.154052","322.36","322.36","322.36","","","","","",""
"2941.187835","","","","341.89","341.89","341.89","","",""
"2942.347174","","","","","","","505.39","505.39","505.39"
"2971.158965","293.29","293.29","293.29","","","","","",""
"2971.194052","","","","322.39","322.39","322.39","","",""
"2972.368","","","","","","","508.79","508.79","508.79"
"3001.162163","306.02","306.02","306.02","","","","","",""
"3001.196315","","","","347.64","347.64","347.64","","",""
"3002.39029","","","","","","","506.24","506.24","506.24"
"3031.164652","337.23","337.23","337.23","","","","","",""
"3031.198572","","","","322.17","322.17","322.17","","",""
"3032.406931","","","","","","","516.06","516.06","516.06"
"3061.16753","316.43","316.43","316.43","","","","","",""
"3061.202563","","","","350.36","350.36","350.36","","",""
"3062.407561","","","","","","","588.62","588.62","588.62"
"3091.170016","286.77","286.77","286.77","","","","","",""
"3091.206241","","","","301.92","301.92","301.92","","",""
"3092.413812","","","","","","","540.25","540.25","540.25"
"3121.173147","284.53","284.53","284.53","","","","","",""
"3121.211015","","","","350.46","350.46","350.46","","",""
"3122.431503","","","","","","","526.96","526.96","526.96"
"3151.177857","289.88","289.88","289.88","","","","","",""
"3151.215582","","","","328.25","328.25","328.25","","",""
"3152.451527","","","","","","","559.62","559.62","559.62"
"3181.18032","302.9","302.9","302.9","","","","","",""
"3181.220156","","","","343.82","343.82","343.82","","",""
"3182.46715","","","","","","","512.84","512.84","512.84"
"3211.185411","286.86","286.86","286.86","","","","","",""
"3211.224748","","","","63.03","63.03","63.03","","",""
"3212.469455","","","","","","","507.43","507.43","507.43"
"3241.190093","308.34","308.34","308.34","","","","","",""
"3241.229238","","","","271.06","271.06","271.06","","",""
"3242.470905","","","","","","","528.81","528.81","528.81"
"3271.192538","311.62","311.62","311.62","","","","","",""
"3271.232436","","","","353.1","353.1","353.1","","",""
"3272.474964","","","","","","","587.86","587.86","587.86"
"3301.195209","317.04","317.04","317.04","","","","","",""
"3301.23696","","","","305.4","305.4","305.4","","",""
"3302.492058","","","","","","","525.42","525.42","525.42"
"3331.24007","","","","353.77","353.77","353.77","","",""
"3332.497871","","","","","","","521.51","521.51","521.51"
"3361.203259","322.42","322.42","322.42","","","","","",""
"3361.244769","","","","348.33","348.33","348.33","","",""
"3362.508354","","","","","","","495.3","495.3","495.3"
"3391.206822","327.17","327.17","327.17","","","","","",""
"3392.547094","","","","","","","510.41","510.41","510.41"
"3421.211521","324.67","324.67","324.67","","","","","",""
"3421.25266","","","","332.55","332.55","332.55","","",""
"3422.571727","","","","","","","487.07","487.07","487.07"
"3451.216327","319.32","319.32","319.32","","","","","",""
"3451.257252","","","","324.58","324.58","324.58","","",""
"3452.573176","","","","","","","583.9","583.9","583.9"
"3481.221076","307.2","307.2","307.2","","","","","",""
"3481.261873","","","","337.72","337.72","337.72","","",""
"3482.574705","","","","","","","535.92","535.92","535.92"
"3511.225939","315.18","315.18","315.18","","","","","",""
"3511.264113","","","","336.34","336.34","336.34","","",""
"3512.576765","","","","","","","514.24","514.24","514.24"
"3541.22915","241.95","241.95","241.95","","","","","",""
"3541.268528","","","","353.94","353.94","353.94","","",""
"3542.592746","","","","","","","516.13","516.13","516.13"
"3571.23388","60.93","60.93","60.93","","","","","",""
"3571.272412","","","","345.91","345.91","345.91","","",""
"3572.619212","","","","","","","518.06","518.06","518.06"
"3601.237053","263.64","263.64","263.64","","","","","",""
"3601.275597","","","","347.52","347.52","347.52","","",""
"3602.650614","","","","","","","542.66","542.66","542.66"
"3631.241942","323.65","323.65","323.65","","","","","",""
"3631.278613","","","","320.77","320.77","320.77","","",""
"3632.675056","","","","","","","556.01","556.01","556.01"
"3661.246671","322.52","322.52","322.52","","","","","",""
"3661.281688","","","","349.79","349.79","349.79","","",""
"3662.677818","","","","","","","562.53","562.53","562.53"
"3691.251393","353.87","353.87","353.87","","","","","",""
"3691.286279","","","","334.35","334.35","334.35","","",""
"3692.681486","","","","","","","566.85","566.85","566.85"
"3721.256302","301.75","301.75","301.75","","","","","",""
"3721.290895","","","","349.95","349.95","349.95","","",""
"3722.685805","","","","","","","555.1","555.1","555.1"
"3751.259489","299.62","299.62","299.62","","","","","",""
"3751.293942","","","","339.38","339.38","339.38","","",""
"3752.689751","","","","","","","533.77","533.77","533.77"
"3781.26324","335.01","335.01","335.01","","","","","",""
"3781.298455","","","","340.1","340.1","340.1","","",""
"3782.691225","","","","","","","505.08","505.08","505.08"
"3811.268289","316.3","316.3","316.3","","","","","",""
"3811.302927","","","","336.65","336.65","336.65","","",""
"3812.69546","","","","","","","499.6","499.6","499.6"
"3841.271735","309.58","309.58","309.58","","","","","",""
"3841.306381","","","","330.46","330.46","330.46","","",""
"3842.707216","","","","","","","546.92","546.92","546.92"
"3871.309158","","","","335.31","335.31","335.31","","",""
"3872.71029","","","","","","","594.2","594.2","594.2"
"3901.277153","323.98","323.98","323.98","","","","","",""
"3901.313659","","","","320.6","320.6","320.6","","",""
"3902.713645","","","","","","","502.3","502.3","502.3"
"3931.280007","336.9","336.9","336.9","","","","","",""
"3931.317011","","","","338.87","338.87","338.87","","",""
"3932.720372","","","","","","","517.25","517.25","517.25"
"3961.284966","284.14","284.14","284.14","","","","","",""
"3961.321476","","","","323.95","323.95","323.95","","",""
"3962.727644","","","","","","","509.72","509.72","509.72"
"3991.290037","323.71","323.71","323.71","","","","","",""
"3991.326036","","","","336.33","336.33","336.33","","",""
"3992.747269","","","","","","","518.56","518.56","518.56"
"4021.293376","286.08","286.08","286.08","","","","","",""
"4021.330572","","","","315.65","315.65","315.65","","",""
"4022.769976","","","","","","","492.25","492.25","492.25"
"4051.29806","329.55","329.55","329.55","","","","","",""
"4051.332927","","","","346.84","346.84","346.84","","",""
"4052.782437","","","","","","","515.67","515.67","515.67"
"4081.301246","309.66","309.66","309.66","","","","","",""
"4081.335594","","","","302.38","302.38","302.38","","",""
"4082.789282","","","","","","","528.7","528.7","528.7"
"4111.30606","352.72","352.72","352.72","","","","","",""
"4111.339934","","","","338.14","338.14","338.14","","",""
"4112.813121","","","","","","","566.27","566.27","566.27"
"4141.309206","300.21","300.21","300.21","","","","","",""
"4141.344433","","","","330.61","330.61","330.61","","",""
"4142.817889","","","","","","","537.66","537.66","537.66"
"4171.314216","304.98","304.98","304.98","","","","","",""
"4171.347574","","","","342.84","342.84","342.84","","",""
"4172.820119","","","","","","","497.9","497.9","497.9"
"4201.318935","306.99","306.99","306.99","","","","","",""
"4201.352409","","","","307.21","307.21","307.21","","",""
"4202.821022","","","","","","","523","523","523"
"4231.321294","310.2","310.2","310.2","","","","","",""
"4231.357101","","","","339.53","339.53","339.53","","",""
"4232.828662","","","","","","","589.49","589.49","589.49"
"4261.323758","273.71","273.71","273.71","","","","","",""
"4261.36158","","","","328.27","328.27","328.27","","",""
"4262.840243","","","","","","","529.57","529.57","529.57"
"4291.326964","312.03","312.03","312.03","","","","","",""
"4291.366054","","","","339.16","339.16","339.16","","",""
"4292.85832","","","","","","","534.88","534.88","534.88"
"4321.329577","357.6","357.6","357.6","","","","","",""
"4321.370678","","","","349.34","349.34","349.34","","",""
"4322.874996","","","","","","","498.86","498.86","498.86"
"4351.334418","318.13","318.13","318.13","","","","","",""
"4351.375226","","","","345.28","345.28","345.28","","",""
"4352.899551","","","","","","","515.83","515.83","515.83"
"4381.339169","317.13","317.13","317.13","","","","","",""
"4381.379814","","","","324.09","324.09","324.09","","",""
"4382.93134","","","","","","","498.27","498.27","498.27"
"4411.342237","326.52","326.52","326.52","","","","","",""
"4411.384235","","","","354.59","354.59","354.59","","",""
"4412.932404","","","","","","","528.28","528.28","528.28"
"4441.388631","","","","321.17","321.17","321.17","","",""
"4442.93813","","","","","","","582.74","582.74","582.74"
"4471.352805","272.85","272.85","272.85","","","","","",""
"4471.391664","","","","354.7","354.7","354.7","","",""
"4472.955566","","","","","","","531.33","531.33","531.33"
"4501.357692","314.09","314.09","314.09","","","","","",""
"4502.971213","","","","","","","502.76","502.76","502.76"
"4531.361922","325.14","325.14","325.14","","","","","",""
"4531.398359","","","","326.28","326.28","326.28","","",""
"4532.98446","","","","","","","524.19","524.19","524.19"
"4561.36446","300.64","300.64","300.64","","","","","",""
"4561.402911","","","","338.5","338.5","338.5","","",""
"4563.013575","","","","","","","516.93","516.93","516.93"
"4591.369468","320.63","320.63","320.63","","","","","",""
"4591.407396","","","","322.62","322.62","322.62","","",""
"4593.014796","","","","","","","555.35","555.35","555.35"
"4621.37334","303.39","303.39","303.39","","","","","",""
"4621.411833","","","","343.42","343.42","343.42","","",""
"4623.01578","","","","","","","558.06","558.06","558.06"
"4651.375847","311.43","311.43","311.43","","","","","",""
"4651.416326","","","","350.07","350.07","350.07","","",""
"4653.01786","","","","","","","565.22","565.22","565.22"
"4681.378591","286.6","286.6","286.6","","","","","",""
"4681.420786","","","","341.33","341.33","341.33","","",""
"4683.021621","","","","","","","547.33","547.33","547.33"
"4711.381078","282.85","282.85","282.85","","","","","",""
"4711.423054","","","","315.81","315.81","315.81","","",""
"4713.025453","","","","","","","533.89","533.89","533.89"
"4741.38607","304.13","304.13","304.13","","","","","",""
"4741.427626","","","","349.42","349.42","349.42","","",""
"4743.032927","","","","","","","494.43","494.43","494.43"
"4771.390847","303.32","303.32","303.32","","","","","",""
"4771.43067","","","","329.59","329.59","329.59","","",""
"4773.039907","","","","","","","504.96","504.96","504.96"
"4801.393199","338.26","338.26","338.26","","","","","",""
"4801.435163","","","","353.07","353.07","353.07","","",""
"4803.050187","","","","","","","510.76","510.76","510.76"
"4831.397845","371.18","371.18","371.18","","","","","",""
"4831.439654","","","","85.12","85.12","85.12","","",""
"4833.058961","","","","","","","587.61","587.61","587.61"
"4861.400515","301.36","301.36","301.36","","","","","",""
"4861.444377","","","","246.53","246.53","246.53","","",""
"4863.059675","","","","","","","525.19","525.19","525.19"
"4891.405187","328.2","328.2","328.2","","","","","",""
"4891.449152","","","","339.21","339.21","339.21","","",""
"4893.066573","","","","","","","513.64","513.64","513.64"
"4921.40961","308.54","308.54","308.54","","","","","",""
"4921.453752","","","","323.75","323.75","323.75","","",""
"4951.414424","289.7","289.7","289.7","","","","","",""
"4951.458274","","","","340.01","340.01","340.01","","",""
"4953.081036","","","","","","","501.44","501.44","501.44"
"4954.791889","","","","","","","408.47","408.47","408.47"
"4981.419468","295.35","295.35","295.35","","","","","",""
"4981.461344","","","","339.95","339.95","339.95","","",""
"5011.464264","","","","346.33","346.33","346.33","","",""
"5041.426526","341.73","341.73","341.73","","","","","",""
"5041.46728","","","","320.12","320.12","320.12","","",""
"5071.428995","324.87","324.87","324.87","","","","","",""
"5071.470249","","","","354.92","354.92","354.92","","",""
"5101.433693","299.75","299.75","299.75","","","","","",""
"5101.474963","","","","304.38","304.38","304.38","","",""
"5131.436381","307.6","307.6","307.6","","","","","",""
"5131.479554","","","","338.14","338.14","338.14","","",""
"5161.441024","293.41","293.41","293.41","","","","","",""
"5161.484182","","","","331.78","331.78","331.78","","",""
"5175.331366","247.02","247.02","247.02","","","","","",""
"5191.488572","","","","353.9","353.9","353.9","","",""
"5221.490915","","","","331.23","331.23","331.23","","",""
"5251.495293","","","","356.25","356.25","356.25","","",""
"5281.499653","","","","306.89","306.89","306.89","","",""
"5311.501982","","","","318.99","318.99","318.99","","",""
"5341.506515","","","","309.42","309.42","309.42","","",""
"5371.511197","","","","342.38","342.38","342.38","","",""
"5401.515494","","","","312.96","312.96","312.96","","",""
"5431.51867","","","","339.42","339.42","339.42","","",""
"5461.523111","","","","320.24","320.24","320.24","","",""
"5491.527538","","","","342.02","342.02","342.02","","",""
"5521.53223","","","","331.93","331.93","331.93","","",""
"5551.536726","","","","333.03","333.03","333.03","","",""
"5581.541236","","","","335.01","335.01","335.01","","",""
"5611.545694","","","","319.21","319.21","319.21","","",""
"5641.550143","","","","355.47","355.47","355.47","","",""
"5701.5598","","","","339.07","339.07","339.07","","",""
"5731.564369","","","","338.86","338.86","338.86","","",""
"5761.568937","","","","338.22","338.22","338.22","","",""
"5791.573795","","","","332.95","332.95","332.95","","",""
"5821.579009","","","","315.74","315.74","315.74","","",""
"5851.583488","","","","337.11","337.11","337.11","","",""
"5881.586614","","","","318.73","318.73","318.73","","",""
"5911.591229","","","","361.07","361.07","361.07","","",""
"5941.597674","","","","348.9","348.9","348.9","","",""
"5971.602117","","","","325.53","325.53","325.53","","",""
"6001.606567","","","","322.78","322.78","322.78","","",""
"6031.610139","","","","341.45","341.45","341.45","","",""
"6061.614613","","","","329.89","329.89","329.89","","",""
"6091.61905","","","","346.84","346.84","346.84","","",""
"6121.622147","","","","317.74","317.74","317.74","","",""
"6151.62671","","","","326.52","326.52","326.52","","",""
"6181.631603","","","","320.19","320.19","320.19","","",""
"6211.636554","","","","351.8","351.8","351.8","","",""
"6241.639515","","","","320.87","320.87","320.87","","",""
"6271.644086","","","","340.53","340.53","340.53","","",""
"6301.648565","","","","317.89","317.89","317.89","","",""
"6331.653096","","","","344.7","344.7","344.7","","",""
"6361.6581","","","","321.02","321.02","321.02","","",""
"6391.662642","","","","346.1","346.1","346.1","","",""
"6421.667189","","","","123.58","123.58","123.58","","",""
"6451.671622","","","","234.85","234.85","234.85","","",""
"6481.674541","","","","349.96","349.96","349.96","","",""
"6511.679008","","","","322.63","322.63","322.63","","",""
"6541.683408","","","","358.94","358.94","358.94","","",""
"6571.686532","","","","323.31","323.31","323.31","","",""
"6601.688684","","","","336.85","336.85","336.85","","",""
"6631.692166","","","","332.83","332.83","332.83","","",""
"6661.696826","","","","346.9","346.9","346.9","","",""
"6691.70131","","","","346.91","346.91","346.91","","",""
"6721.705971","","","","347.26","347.26","347.26","","",""
"6751.710418","","","","317.26","317.26","317.26","","",""
"6781.714908","","","","329.03","329.03","329.03","","",""
"6811.719427","","","","328.85","328.85","328.85","","",""
"6871.726657","","","","322.93","322.93","322.93","","",""
"6901.731087","","","","325.37","325.37","325.37","","",""
"6931.735776","","","","332.28","332.28","332.28","","",""
"6961.739127","","","","335.44","335.44","335.44","","",""
"6991.743571","","","","343.79","343.79","343.79","","",""
"7021.745817","","","","339.7","339.7","339.7","","",""
"7051.750713","","","","346.61","346.61","346.61","","",""
"7081.755194","","","","325.15","325.15","325.15","","",""
"7111.758699","","","","344.87","344.87","344.87","","",""
"7141.763191","","","","337.99","337.99","337.99","","",""
"7171.767736","","","","339.1","339.1","339.1","","",""
"7201.772173","","","","320.1","320.1","320.1","","",""
"7231.775174","","","","332.51","332.51","332.51","","",""
"7261.77953","","","","320.22","320.22","320.22","","",""
"7291.784011","","","","350.24","350.24","350.24","","",""
"7321.788531","","","","325.03","325.03","325.03","","",""
"7351.792996","","","","355.51","355.51","355.51","","",""
"7381.79525","","","","304.63","304.63","304.63","","",""
"7411.799979","","","","331.94","331.94","331.94","","",""
"7441.80449","","","","325.95","325.95","325.95","","",""
"7471.807622","","","","353.74","353.74","353.74","","",""
"7501.812318","","","","353.48","353.48","353.48","","",""
"7531.815472","","","","328.07","328.07","328.07","","",""
"7561.817688","","","","335.59","335.59","335.59","","",""
"7591.820739","","","","331.61","331.61","331.61","","",""
"7621.825468","","","","343.15","343.15","343.15","","",""
"7651.830041","","","","326.7","326.7","326.7","","",""
"7681.834635","","","","333.1","333.1","333.1","","",""
"7711.839436","","","","351.62","351.62","351.62","","",""
"7741.844312","","","","337","337","337","","",""
"7771.849009","","","","326.75","326.75","326.75","","",""
"7801.853923","","","","353.15","353.15","353.15","","",""
"7831.8585","","","","333.32","333.32","333.32","","",""
"7861.862991","","","","348.95","348.95","348.95","","",""
"7891.867531","","","","321.47","321.47","321.47","","",""
"7921.87239","","","","350.72","350.72","350.72","","",""
"7981.881358","","","","313.2","313.2","313.2","","",""
"8011.884421","","","","338.04","338.04","338.04","","",""
"8041.887622","","","","156.21","156.21","156.21","","",""
"8071.892208","","","","182.43","182.43","182.43","","",""
"8101.895128","","","","351.81","351.81","351.81","","",""
"8131.899641","","","","334.66","334.66","334.66","","",""
"8161.904242","","","","328.32","328.32","328.32","","",""
"8191.908882","","","","323.68","323.68","323.68","","",""
"8221.913747","","","","346.71","346.71","346.71","","",""
"8251.918329","","","","320.52","320.52","320.52","","",""
"8281.921358","","","","346.83","346.83","346.83","","",""
"8311.92611","","","","322.02","322.02","322.02","","",""
"8341.930928","","","","343.35","343.35","343.35","","",""
"8371.935421","","","","333.3","333.3","333.3","","",""
"8401.939907","","","","331.03","331.03","331.03","","",""
"8431.944503","","","","312.59","312.59","312.59","","",""
"8461.948943","","","","343.7","343.7","343.7","","",""
"8491.953424","","","","328.72","328.72","328.72","","",""
"8521.956528","","","","335.49","335.49","335.49","","",""
"8551.95979","","","","321.45","321.45","321.45","","",""
"8581.964392","","","","332.96","332.96","332.96","","",""
"8611.9689","","","","322.21","322.21","322.21","","",""
"8641.973373","","","","358.27","358.27","358.27","","",""
"8671.977916","","","","321.23","321.23","321.23","","",""
"8701.982773","","","","339.19","339.19","339.19","","",""
"8731.987609","","","","326.6","326.6","326.6","","",""
"8761.992438","","","","353.78","353.78","353.78","","",""
"8791.998738","","","","322.27","322.27","322.27","","",""
"8822.00322","","","","340.42","340.42","340.42","","",""
"8852.009783","","","","315.16","315.16","315.16","","",""
"8882.0119","","","","340.62","340.62","340.62","","",""
"8912.014547","","","","328.37","328.37","328.37","","",""
"8942.019041","","","","332.81","332.81","332.81","","",""
"8972.02354","","","","319.44","319.44","319.44","","",""
"9002.02819","","","","344.06","344.06","344.06","","",""
"9032.032758","","","","328.21","328.21","328.21","","",""
"9062.037609","","","","345.64","345.64","345.64","","",""
"9092.041971","","","","336.02","336.02","336.02","","",""
"9152.048516","","","","352.25","352.25","352.25","","",""
"9182.053409","","","","333.8","333.8","333.8","","",""
"9212.057859","","","","340.72","340.72","340.72","","",""
"9242.060938","","","","324.81","324.81","324.81","","",""
"9257.597974","","","","343.14","343.14","343.14","","",""